"Product Name","Merchant SKU","Asin","Condition (New/Old)","Supplier Name (unassigned, if no supplier information provided by you)","Recommended Fulfilment Center (FC Code)","Sales contribution for the zone in INR (Sales in last 30 days)","Number of units sold from the zone ( in last 30 days)  ","Days of supply remaining for the zone ( In days)","No. of Units instock in the zone ( in units)","Low in Stock/ Out of Stock Alert","Original Recommended quantity(in Units)","Original Weeks cover recommended (in weeks)","Final Recommended quantity ( adjusted to available capacity at FC in Units)","Final Weeks cover recommended (adjusted to available capacity at FC in weeks)","Order to supplier date (DD/MM/YYYY )","Ship to FC date (DD/MM/YYYY)","Zone Name","Alternate Fulfillment Center(s) to inbound","Past Recommendations accuracy % (Average in %)"
"Pigeon by Stovekraft Non-Stick Biriyani Pot with Lid, 4 litres","VZ-U50V-LMM9","B00F2F9AMW","New","unassigned","BLR4","26694.57","31","0","","out_of_stock","57","4","57","4","24/01/21","24/01/21","South1 (BLR)","BLR5,BLR7","Not Available"
"Prestige Hard Anodised Plus Cookware Induction Base Roti Tawa, 225mm, Black","1Q-5EH7-RBMQ","B00N2ZJCJA","New","unassigned","PNQ2","0.0","0","1","","out_of_stock","53","4","53","4","24/01/21","24/01/21","North","SDEA,SDEE,SDED","Not Available"
"Prestige Induction Cooktop Pic 20.0 With Omega Deluxe Byk Set 3 Pc Set,Black","KY-H34R-68T0","B0767QJQT8","New","unassigned","PNQ2","0.0","0","0","","out_of_stock","50","4","50","4","24/01/21","24/01/21","North","SDEA,SDEE,SDED","86.2"
"Usha Goliath GO1200WG Heavy Weight 1200-Watt Dry Iron, 1.8 Kg(Red)","41-ZV4S-QNUW","B0883LQJ6B","New","unassigned","BLR4","0.0","0","0","","out_of_stock","36","4","36","4","24/01/21","24/01/21","South1 (BLR)","BLR5,BLR7","Not Available"
"Pigeon by Stovekraft Favourite 1800-Watt Induction Cooktop","3N-08AV-J5LY","B012VFOQDI","New","unassigned","PNQ2","0.0","0","0","","out_of_stock","32","4","32","4","24/01/21","24/01/21","North","SDEA,SDEE,SDED","Not Available"
"Prestige Induction Cooktop Pic 20.0 With Omega Deluxe Byk Set 3 Pc Set,Black","KY-H34R-68T0","B0767QJQT8","New","unassigned","BLR4","30842.36","10","0","","out_of_stock","32","4","32","4","24/01/21","24/01/21","South1 (BLR)","BLR5,BLR7","86.2"
"Pigeon by Stovekraft Favourite 1800-Watt Induction Cooktop","3N-08AV-J5LY","B012VFOQDI","New","unassigned","BLR4","147435.72","118","88","121","","30","4","30","4","24/01/21","24/01/21","South1 (BLR)","BLR5,BLR7","Not Available"
"Panasonic SR-W18GH 270-Watt Automatic Cooker Warmer Combo Gift Pack (Gold)","ID-02QP-AYEU","B009PJF8TU","New","unassigned","BLR4","4607.63","2","0","","out_of_stock","29","4","29","4","24/01/21","24/01/21","South1 (BLR)","BLR5,BLR7","98.7"
"Panasonic KX-TSC60SXB Corded Phone (Black)","panasonic_KX_TSC60SXB","B00DM58OGM","New","unassigned","BLR4","0.0","0","0","","out_of_stock","29","4","29","4","24/01/21","24/01/21","South1 (BLR)","BLR5,BLR7","Not Available"
"Prestige Induction Cooktop Pic 20.0 With Omega Deluxe Byk Set 3 Pc Set,Black","KY-H34R-68T0","B0767QJQT8","New","unassigned","BOM7","976559.3","332","14","55","","26","4","26","4","24/01/21","24/01/21","West","BOM6,SPNA,BOM5,SBOA,BOM1,QWTT,SBOC,BOM4,BOM3,SIDA","86.2"
"Morphy Richards 28 RSS 28 Litre Oven Toaster Griller (Black)","OO-CL3W-8QR8","B07QSLR6QB","New","unassigned","BLR4","6448.31","1","0","","out_of_stock","24","4","24","4","24/01/21","24/01/21","South1 (BLR)","BLR5,BLR7","72.2"
"Syska HT800 Cordless Trimmer for Men (Black)","05-BBOD-EEHZ","B084TCTF7X","New","unassigned","PNQ2","0.0","0","0","","out_of_stock","23","4","23","4","24/01/21","24/01/21","North","SDEA,SDEE,SDED","68.4"
"Prestige Omega Select Plus Non-Stick Omni Tawa, 25cm","5O-O3B0-HIO5","B00AYA86R0","New","unassigned","BLR4","13035.73","20","1","1","low_stock","22","4","22","4","24/01/21","24/01/21","South1 (BLR)","BLR5,BLR7","Not Available"
"Syska HT800 Cordless Trimmer for Men (Black)","DX-Q6CC-QH37","B084TCTF7X","New","unassigned","PNQ2","0.0","0","0","","out_of_stock","22","4","22","4","24/01/21","24/01/21","North","SDEA,SDEE,SDED","68.4"
"Syska HT800 Cordless Trimmer for Men (Black)","SA-ITNZ-TQDU","B084TCTF7X","New","unassigned","PNQ2","0.0","0","0","","out_of_stock","22","4","22","4","24/01/21","24/01/21","North","SDEA,SDEE,SDED","68.4"
"Sujata Powermatic Plus 900 Watts Juicer Mixer Grinder","H3-MQ7E-4G7S","B071113J7M","New","unassigned","PNQ2","0.0","0","0","","out_of_stock","21","4","21","4","24/01/21","24/01/21","North","SDEA,SDEE,SDED","Not Available"
"Syska HT800 Cordless Trimmer for Men (Black)","05-BBOD-EEHZ","B084TCTF7X","New","unassigned","BOM7","109972.29","149","0","0","out_of_stock","20","4","20","4","24/01/21","24/01/21","West","BOM6,SPNA,BOM5,SBOA,BOM1,QWTT,SBOC,BOM4,BOM3,SIDA","68.4"
"Bajaj GX 3701 750 Watts Mixer Grinder with 3 Jars (Black)","8N-NXOH-54QB","B082FYNYVG","New","unassigned","PNQ2","0.0","0","0","","out_of_stock","20","4","20","4","24/01/21","24/01/21","North","SDEA,SDEE,SDED","Not Available"
"Syska HT800 Cordless Trimmer for Men (Black)","DX-Q6CC-QH37","B084TCTF7X","New","unassigned","BOM7","757.63","1","0","0","out_of_stock","20","4","20","4","24/01/21","24/01/21","West","BOM6,SPNA,BOM5,SBOA,BOM1,QWTT,SBOC,BOM4,BOM3,SIDA","68.4"
"Syska HT800 Cordless Trimmer for Men (Black)","SA-ITNZ-TQDU","B084TCTF7X","New","unassigned","BOM7","6732.22","8","0","0","out_of_stock","20","4","20","4","24/01/21","24/01/21","West","BOM6,SPNA,BOM5,SBOA,BOM1,QWTT,SBOC,BOM4,BOM3,SIDA","68.4"
"Usha Goliath GO1200WG Heavy Weight 1200-Watt Dry Iron, 1.8 Kg(Red)","41-ZV4S-QNUW","B0883LQJ6B","New","unassigned","PNQ2","0.0","0","0","","out_of_stock","19","4","19","4","24/01/21","24/01/21","North","SDEA,SDEE,SDED","Not Available"
"Bajaj Flashy 1000 Watts Radiant Room Heater (Steel)","BM-BSOR-A85E","B009P2LKG2","New","unassigned","PNQ2","0.0","0","0","","out_of_stock","19","4","19","4","24/01/21","24/01/21","North","SDEA,SDEE,SDED","100.0"
"Usha Goliath GO1200WG Heavy Weight 1200-Watt Dry Iron, 1.8 Kg(Red)","41-ZV4S-QNUW","B0883LQJ6B","New","unassigned","BOM7","72476.26","75","2","3","low_stock","16","4","16","4","24/01/21","24/01/21","West","BOM6,SPNA,BOM5,SBOA,BOM1,QWTT,SBOC,BOM4,BOM3,SIDA","Not Available"
"Syska HT800 Cordless Trimmer for Men (Black)","05-BBOD-EEHZ","B084TCTF7X","New","unassigned","BLR4","2289.83","3","0","","out_of_stock","14","4","14","4","24/01/21","24/01/21","South1 (BLR)","BLR5,BLR7","68.4"
"Micromax X421 Mobile Phone (Blue)","98-1M8D-W2ZY","B08J7FYYDQ","New","unassigned","BLR4","0.0","0","0","","out_of_stock","14","4","14","4","24/01/21","24/01/21","South1 (BLR)","BLR5,BLR7","Not Available"
"Syska HT800 Cordless Trimmer for Men (Black)","DX-Q6CC-QH37","B084TCTF7X","New","unassigned","BLR4","0.0","0","0","","out_of_stock","14","4","14","4","24/01/21","24/01/21","South1 (BLR)","BLR5,BLR7","68.4"
"Panasonic Single Line KX-TS500MX Corded Phone (White)","FE-N2HD-6OFX","B009L03NQS","New","unassigned","BLR4","0.0","0","0","","out_of_stock","14","4","14","4","24/01/21","24/01/21","South1 (BLR)","BLR5,BLR7","Not Available"
"Syska HT800 Cordless Trimmer for Men (Black)","SA-ITNZ-TQDU","B084TCTF7X","New","unassigned","BLR4","0.0","0","0","","out_of_stock","14","4","14","4","24/01/21","24/01/21","South1 (BLR)","BLR5,BLR7","68.4"
"Pigeon by Stovekraft Non-Stick Biriyani Pot with Lid, 4 litres","VZ-U50V-LMM9","B00F2F9AMW","New","unassigned","PNQ2","0.0","0","0","","out_of_stock","14","4","14","4","24/01/21","24/01/21","North","SDEA,SDEE,SDED","Not Available"
"Morphy Richards 28 RSS 28 Litre Oven Toaster Griller (Black)","OO-CL3W-8QR8","B07QSLR6QB","New","unassigned","PNQ2","0.0","0","0","","out_of_stock","13","4","13","4","24/01/21","24/01/21","North","SDEA,SDEE,SDED","72.2"
"Prestige Omega Select Plus Non-Stick Concave Tawa, 25cm,Black","ubngfaq5ej","B00AYA876A","New","unassigned","BLR4","651.78","1","0","","out_of_stock","13","4","13","4","24/01/21","24/01/21","South1 (BLR)","BLR5,BLR7","Not Available"
"Pigeon by Stovekraft Favourite 1800-Watt Induction Cooktop","3N-08AV-J5LY","B012VFOQDI","New","unassigned","BOM7","1270.34","1","2","0","out_of_stock","12","4","12","4","24/01/21","24/01/21","West","BOM6,SPNA,BOM5,SBOA,BOM1,QWTT,SBOC,BOM4,BOM3,SIDA","Not Available"
"Prestige Omega Select Plus Non-Stick Omni Tawa, 25cm","5O-O3B0-HIO5","B00AYA86R0","New","unassigned","PNQ2","0.0","0","0","","out_of_stock","12","4","12","4","24/01/21","24/01/21","North","SDEA,SDEE,SDED","Not Available"
"Bajaj GX 3701 750 Watts Mixer Grinder with 3 Jars (Black)","8N-NXOH-54QB","B082FYNYVG","New","unassigned","BLR4","0.0","0","0","","out_of_stock","12","4","12","4","24/01/21","24/01/21","South1 (BLR)","BLR5,BLR7","Not Available"
"Bajaj Glory 500-Watt Mixer Grinder with 3 Jars (White)","HP-SMF1-V1R4","B010FVFK30","New","unassigned","PNQ2","0.0","0","0","","out_of_stock","12","4","12","4","24/01/21","24/01/21","North","SDEA,SDEE,SDED","79.6"
"Wonderchef Nutri-Blend, 400W Complete Kitchen Machine (CKM) with 3 Jars (Mixer, Grinder, Juicer, and Chopper) - Red","KH-7YIR-FZ5G","B07FL3NQQG","New","unassigned","PNQ2","0.0","0","0","","out_of_stock","12","4","12","4","24/01/21","24/01/21","North","SDEA,SDEE,SDED","Not Available"
"Pigeon by Stovekraft Non-Stick Biriyani Pot with Lid, 4 litres","VZ-U50V-LMM9","B00F2F9AMW","New","unassigned","BOM7","79742.67","91","1","1","low_stock","12","4","12","4","24/01/21","24/01/21","West","BOM6,SPNA,BOM5,SBOA,BOM1,QWTT,SBOC,BOM4,BOM3,SIDA","Not Available"
"Bajaj Glory 500-Watt Mixer Grinder with 3 Jars (White)","YP-O2HX-0VGK","B010FVFK30","New","unassigned","PNQ2","0.0","0","0","","out_of_stock","12","4","12","4","24/01/21","24/01/21","North","SDEA,SDEE,SDED","79.6"
"OPPO Reno3 Pro (Midnight Black, 8GB RAM, 128GB Storage) Without Offer","2Y-DFMJ-9X4J","B07XF4SWJ9","New","unassigned","PNQ2","0.0","0","0","","out_of_stock","11","4","11","4","24/01/21","24/01/21","North","SDEA,SDEE,SDED","Not Available"
"Maharaja Whiteline Mark 1 Happiness 450-Watt Juicer Mixer Grinder (White and Red)","5w5li1xlm4","B00GYOJES0","New","unassigned","PNQ2","0.0","0","0","","out_of_stock","11","4","11","4","24/01/21","24/01/21","North","SDEA,SDEE,SDED","Not Available"
"Panasonic MX-AC400 550-Watt Super Mixer Grinder with 4 Jars (Black)","C6-RQP0-5MC8","B007PZKLUM","New","unassigned","BLR4","8096.6","2","0","","out_of_stock","11","4","11","4","24/01/21","24/01/21","South1 (BLR)","BLR5,BLR7","88.2"
"Panasonic SR-WA10 450-Watt Automatic Cooker Without Warmer (White)(Raw Capacity-0.6 kgs)","VB-NNGL-XOL3","B00A7PK0Z8","New","unassigned","BLR4","24300.82","23","0","","out_of_stock","11","4","11","4","24/01/21","24/01/21","South1 (BLR)","BLR5,BLR7","Not Available"
"Usha EB GS3 001 Cooktop Ebony 3001 (Black)","58-Y2TQ-5L09","B00934760G","New","unassigned","PNQ2","0.0","0","0","","out_of_stock","10","4","10","4","24/01/21","24/01/21","North","SDEA,SDEE,SDED","Not Available"
"Wahl 79465-224 Extreme Grip (Black)","64-LUSC-8RRC","B07YSHC68D","New","unassigned","BLR4","0.0","0","0","","out_of_stock","10","4","10","4","24/01/21","24/01/21","South1 (BLR)","BLR5,BLR7","71.1"
"Prestige Xclusive Stainless Steel PRM 5.0 Roti Maker with Demo CD (Silver)","83-1J4O-0Q65","B07KQF52X3","New","unassigned","BLR4","0.0","0","0","","out_of_stock","10","4","10","4","24/01/21","24/01/21","South1 (BLR)","BLR5,BLR7","Not Available"
"Micromax X421 Mobile Phone (Blue)","98-1M8D-W2ZY","B08J7FYYDQ","New","unassigned","PNQ2","0.0","0","0","","out_of_stock","10","4","10","4","24/01/21","24/01/21","North","SDEA,SDEE,SDED","Not Available"
"Prestige PKPW 1.0 900-Watt Electric Kettle","ET-HU35-65DT","B00935MEPM","New","unassigned","PNQ2","0.0","0","0","","out_of_stock","10","4","10","4","24/01/21","24/01/21","North","SDEA,SDEE,SDED","Not Available"
"Prestige Omega Select Plus Non-Stick Concave Tawa, 25cm,Black","ubngfaq5ej","B00AYA876A","New","unassigned","PNQ2","0.0","0","0","","out_of_stock","10","4","10","4","24/01/21","24/01/21","North","SDEA,SDEE,SDED","Not Available"
"Philips HL7756/00 Mixer Grinder, 750W, 3 Jars (Black)","B2-6OFX-W8AD","B01GZSQJPA","New","unassigned","PNQ2","0.0","0","0","","out_of_stock","9","4","9","4","24/01/21","24/01/21","North","SDEA,SDEE,SDED","100.0"
"Bajaj Flashy 1000 Watts Radiant Room Heater (Steel)","BM-BSOR-A85E","B009P2LKG2","New","unassigned","BLR4","694.92","1","0","","out_of_stock","9","4","9","4","24/01/21","24/01/21","South1 (BLR)","BLR5,BLR7","100.0"
"Panasonic Single Line KX-TS500MX Corded Phone (White)","FE-N2HD-6OFX","B009L03NQS","New","unassigned","PNQ2","0.0","0","0","","out_of_stock","9","4","9","4","24/01/21","24/01/21","North","SDEA,SDEE,SDED","Not Available"
"Panasonic KX-TSC60SXB Corded Phone (Black)","panasonic_KX_TSC60SXB","B00DM58OGM","New","unassigned","SDEE","0.0","0","0","","out_of_stock","9","4","9","4","24/01/21","24/01/21","North","SDEA,PNQ2,SDED","Not Available"
"Panasonic AC MX-AC555 Mixer Grinder, 550W, 5 Jars (Gold)","52-BHC9-GLSF","B07H3SRC4C","New","unassigned","BLR4","9306.79","2","0","0","out_of_stock","8","4","8","4","24/01/21","24/01/21","South1 (BLR)","BLR5,BLR7","95.0"
"Wahl 79465-224 Extreme Grip (Black)","64-LUSC-8RRC","B07YSHC68D","New","unassigned","PNQ2","0.0","0","0","","out_of_stock","8","4","8","4","24/01/21","24/01/21","North","SDEA,SDEE,SDED","71.1"
"Wonderchef Plastic String Vegetable Chopper, 5 Blade, Red/White","9H-UYHA-JFCN","B07CR4GRR2","New","unassigned","PNQ2","0.0","0","0","","out_of_stock","8","4","8","4","24/01/21","24/01/21","North","SDEA,SDEE,SDED","Not Available"
"TTK Prestige Omega Select Plus Square Induction Base Non-Stick Aluminium Kadai, 250mm, Black","DB-A040-J6FN","B07GQ4CDGW","New","unassigned","BLR4","0.0","0","0","","out_of_stock","8","4","8","4","24/01/21","24/01/21","South1 (BLR)","BLR5,BLR7","Not Available"
"Panasonic SR-W18GH 270-Watt Automatic Cooker Warmer Combo Gift Pack (Gold)","ID-02QP-AYEU","B009PJF8TU","New","unassigned","PNQ2","0.0","0","0","","out_of_stock","8","4","8","4","24/01/21","24/01/21","North","SDEA,SDEE,SDED","98.7"
"Wonderchef Nutri-Blend, 400W Complete Kitchen Machine (CKM) with 3 Jars (Mixer, Grinder, Juicer, and Chopper) - Red","KH-7YIR-FZ5G","B07FL3NQQG","New","unassigned","BLR4","3017.8","1","0","","out_of_stock","8","4","8","4","24/01/21","24/01/21","South1 (BLR)","BLR5,BLR7","Not Available"
"Maharaja Whiteline Powerclick + MX-204 750-Watt Mixer Grinder with 4 Jars (Black)","KR-DP2R-TVB6","B0734W9HK3","New","unassigned","PNQ2","0.0","0","0","","out_of_stock","8","4","8","4","24/01/21","24/01/21","North","SDEA,SDEE,SDED","Not Available"
"KENT Pearl 8-Litres Mineral RO + UV/UF + TDS Water Purifier,Blue and White","N4-UE5F-78VK","B0073QJ2F8","New","unassigned","BLR4","0.0","0","0","","out_of_stock","8","4","8","4","24/01/21","24/01/21","South1 (BLR)","BLR5,BLR7","71.4"
"Morphy Richards 28 RSS 28 Litre Oven Toaster Griller (Black)","OO-CL3W-8QR8","B07QSLR6QB","New","unassigned","BOM7","369502.56","57","0","0","out_of_stock","8","4","8","4","24/01/21","24/01/21","West","BOM6,SPNA,BOM5,SBOA,BOM1,QWTT,SBOC,BOM4,BOM3,SIDA","72.2"
"Sujata Powermatic Plus, Juicer Mixer Grinder with Chutney Jar, 900 Watts, 3 Jars (White)","TK-KH30-1OF6","B07Y9PY6Y1","New","unassigned","PNQ2","0.0","0","0","","out_of_stock","8","4","8","4","24/01/21","24/01/21","North","SDEA,SDEE,SDED","Not Available"
"Prestige PKNSS Electric Kettle, Silver, 1.0 L","0N-8MYQ-7DUK","B08HQNH2LS","New","unassigned","BLR4","0.0","0","0","","out_of_stock","7","4","7","4","24/01/21","24/01/21","South1 (BLR)","BLR5,BLR7","Not Available"
"OPPO Reno3 Pro (Midnight Black, 8GB RAM, 128GB Storage) Without Offer","2Y-DFMJ-9X4J","B07XF4SWJ9","New","unassigned","BLR4","35667.8","2","0","","out_of_stock","7","4","7","4","24/01/21","24/01/21","South1 (BLR)","BLR5,BLR7","Not Available"
"Prestige Omega Select Plus Non-Stick Omni Tawa, 25cm","5O-O3B0-HIO5","B00AYA86R0","New","unassigned","BOM7","14991.17","23","0","0","out_of_stock","7","4","7","4","24/01/21","24/01/21","West","BOM6,SPNA,BOM5,SBOA,BOM1,QWTT,SBOC,BOM4,BOM3,SIDA","Not Available"
"Philips HL7756/00 Mixer Grinder, 750W, 3 Jars (Black)","B2-6OFX-W8AD","B01GZSQJPA","New","unassigned","BLR4","0.0","0","0","","out_of_stock","7","4","7","4","24/01/21","24/01/21","South1 (BLR)","BLR5,BLR7","100.0"
"Sujata Powermatic Plus 900 Watts Juicer Mixer Grinder","H3-MQ7E-4G7S","B071113J7M","New","unassigned","BLR4","0.0","0","0","","out_of_stock","7","4","7","4","24/01/21","24/01/21","South1 (BLR)","BLR5,BLR7","Not Available"
"Samsung Galaxy S20 FE (Cloud Mint, 8GB RAM, 128GB Storage) Without Offer","HU-MVQW-FBRW","B086KF4FZF","New","unassigned","BLR4","0.0","0","1","0","out_of_stock","7","4","7","4","24/01/21","24/01/21","South1 (BLR)","BLR5,BLR7","Not Available"
"Panasonic SR-WA18-E 4.4-Litre Automatic Rice Cooker (White)","M8-XSJW-VFH4","B01GE4XLOW","New","unassigned","BLR4","1431.36","1","12","6","","7","4","7","4","24/01/21","24/01/21","South1 (BLR)","BLR5,BLR7","Not Available"
"Panasonic Single Line 2.4 KX-TG3411SX Digital Cordless Phone (Black)","QS-PMP0-XC2E","B008LNBK3E","New","unassigned","PNQ2","0.0","0","0","","out_of_stock","7","4","7","4","24/01/21","24/01/21","North","SDEA,SDEE,SDED","Not Available"
"Prestige Xclusive Stainless Steel PRM 5.0 Roti Maker with Demo CD (Silver)","83-1J4O-0Q65","B07KQF52X3","New","unassigned","PNQ2","0.0","0","0","","out_of_stock","6","4","6","4","24/01/21","24/01/21","North","SDEA,SDEE,SDED","Not Available"
"Prestige Xclusive Stainless Steel PRM 5.0 Roti Maker with Demo CD (Silver)","83-1J4O-0Q65","B07KQF52X3","New","unassigned","BOM7","33590.7","13","1","0","out_of_stock","6","4","6","4","24/01/21","24/01/21","West","BOM6,SPNA,BOM5,SBOA,BOM1,QWTT,SBOC,BOM4,BOM3,SIDA","Not Available"
"Prestige Omega Deluxe Induction Base Non-Stick Kitchen Set, 3-Pieces","90-FKLX-2TKA","B00EICJA0M","New","unassigned","BLR4","6535.72","4","0","0","out_of_stock","6","4","6","4","24/01/21","24/01/21","South1 (BLR)","BLR5,BLR7","Not Available"
"Philips HL7756/00 Mixer Grinder, 750W, 3 Jars (Black)","B2-6OFX-W8AD","B01GZSQJPA","New","unassigned","BOM7","13783.92","6","0","0","out_of_stock","6","4","6","4","24/01/21","24/01/21","West","BOM6,SPNA,BOM5,SBOA,BOM1,QWTT,SBOC,BOM4,BOM3,SIDA","100.0"
"Prestige PKPW 1.0 900-Watt Electric Kettle","ET-HU35-65DT","B00935MEPM","New","unassigned","BLR4","4474.56","6","0","","out_of_stock","6","4","6","4","24/01/21","24/01/21","South1 (BLR)","BLR5,BLR7","Not Available"
"Panasonic Single Line KX-TS500MX Corded Phone (White)","FE-N2HD-6OFX","B009L03NQS","New","unassigned","BOM7","24879.77","37","0","0","out_of_stock","6","4","6","4","24/01/21","24/01/21","West","BOM6,SPNA,BOM5,SBOA,BOM1,QWTT,SBOC,BOM4,BOM3,SIDA","Not Available"
"Maharaja Whiteline MX-220 1000 W Ultramax HD 3 Stainless Steel Jar Mixer Grinder (Black with Chrome Finish)","GV-JU04-H6W3","B0835JYNY4","New","unassigned","PNQ2","0.0","0","0","","out_of_stock","6","4","6","4","24/01/21","24/01/21","North","SDEA,SDEE,SDED","91.4"
"Samsung Galaxy S20 FE (Cloud Mint, 8GB RAM, 128GB Storage) Without Offer","HU-MVQW-FBRW","B086KF4FZF","New","unassigned","PNQ2","0.0","0","0","","out_of_stock","6","4","6","4","24/01/21","24/01/21","North","SDEA,SDEE,SDED","Not Available"
"Samsung Galaxy S20 FE (Cloud Mint, 8GB RAM, 128GB Storage) Without Offer","HU-MVQW-FBRW","B086KF4FZF","New","unassigned","BOM7","346330.53","11","1","1","low_stock","6","4","6","4","24/01/21","24/01/21","West","BOM6,SPNA,BOM5,SBOA,BOM1,QWTT,SBOC,BOM4,BOM3,SIDA","Not Available"
"Sujata SuperMix SM Mixer Grinder, 900W, 3 Jars (White)","IC-XNIP-CENO","B01MFA2KUW","New","unassigned","PNQ2","0.0","0","0","","out_of_stock","6","4","6","4","24/01/21","24/01/21","North","SDEA,SDEE,SDED","Not Available"
"Sujata SuperMix SM Mixer Grinder, 900W, 3 Jars (White)","JC-9ASN-OTGU","B01MFA2KUW","New","unassigned","PNQ2","0.0","0","0","","out_of_stock","6","4","6","4","24/01/21","24/01/21","North","SDEA,SDEE,SDED","Not Available"
"Maharaja Whiteline MX-220 1000 W Ultramax HD 3 Stainless Steel Jar Mixer Grinder (Black with Chrome Finish)","LC-EQQQ-GJ3V","B0835JYNY4","New","unassigned","PNQ2","0.0","0","0","","out_of_stock","6","4","6","4","24/01/21","24/01/21","North","SDEA,SDEE,SDED","91.4"
"Maharaja Whiteline MX-220 1000 W Ultramax HD 3 Stainless Steel Jar Mixer Grinder (Black with Chrome Finish)","LC-EQQQ-GJ3V","B0835JYNY4","New","unassigned","BOM7","13352.56","4","0","0","out_of_stock","6","4","6","4","24/01/21","24/01/21","West","BOM6,SPNA,BOM5,SBOA,BOM1,QWTT,SBOC,BOM4,BOM3,SIDA","91.4"
"Panasonic Single Line 2.4 KX-TG3411SX Digital Cordless Phone (Black)","QS-PMP0-XC2E","B008LNBK3E","New","unassigned","BLR4","5707.62","3","0","","out_of_stock","6","4","6","4","24/01/21","24/01/21","South1 (BLR)","BLR5,BLR7","Not Available"
"Maharaja Whiteline MX-220 1000 W Ultramax HD 3 Stainless Steel Jar Mixer Grinder (Black with Chrome Finish)","SV-NGY5-GP7L","B0835JYNY4","New","unassigned","PNQ2","0.0","0","0","","out_of_stock","6","4","6","4","24/01/21","24/01/21","North","SDEA,SDEE,SDED","91.4"
"Bajaj Shakti Plus Storage 10-Litre Vertical Water Heater (Ivory)","SV-NIEJ-M7PX","B009P2LDVO","New","unassigned","PNQ2","0.0","0","0","","out_of_stock","6","4","6","4","24/01/21","24/01/21","North","SDEA,SDEE,SDED","83.3"
"Bajaj Shakti Plus Storage 10-Litre Vertical Water Heater (Ivory)","WR-1DSU-IOXQ","B009P2LDVO","New","unassigned","PNQ2","0.0","0","0","","out_of_stock","6","4","6","4","24/01/21","24/01/21","North","SDEA,SDEE,SDED","Not Available"
"Prestige Omega Select Plus Non-Stick Concave Tawa, 25cm,Black","ubngfaq5ej","B00AYA876A","New","unassigned","BOM7","13336.17","22","1","0","out_of_stock","6","4","6","4","24/01/21","24/01/21","West","BOM6,SPNA,BOM5,SBOA,BOM1,QWTT,SBOC,BOM4,BOM3,SIDA","Not Available"
"Prestige PKNSS Electric Kettle, Silver, 1.0 L","0N-8MYQ-7DUK","B08HQNH2LS","New","unassigned","PNQ2","0.0","0","0","","out_of_stock","5","4","5","4","24/01/21","24/01/21","North","SDEA,SDEE,SDED","Not Available"
"OPPO Reno3 Pro (Midnight Black, 8GB RAM, 128GB Storage) Without Offer","2Y-DFMJ-9X4J","B07XF4SWJ9","New","unassigned","BOM7","501871.25","27","0","0","out_of_stock","5","4","5","4","24/01/21","24/01/21","West","BOM6,SPNA,BOM5,SBOA,BOM1,QWTT,SBOC,BOM4,BOM3,SIDA","Not Available"
"Usha EB GS3 001 Cooktop Ebony 3001 (Black)","58-Y2TQ-5L09","B00934760G","New","unassigned","BOM7","22054.22","6","4","0","out_of_stock","5","4","5","4","24/01/21","24/01/21","West","BOM6,SPNA,BOM5,SBOA,BOM1,QWTT,SBOC,BOM4,BOM3,SIDA","Not Available"
"Micromax X421 Mobile Phone (Blue)","98-1M8D-W2ZY","B08J7FYYDQ","New","unassigned","BOM7","27864.56","35","0","0","out_of_stock","5","4","5","4","24/01/21","24/01/21","West","BOM6,SPNA,BOM5,SBOA,BOM1,QWTT,SBOC,BOM4,BOM3,SIDA","Not Available"
"Sujata SuperMix SM Mixer Grinder, 900W, 3 Jars (White)","IC-XNIP-CENO","B01MFA2KUW","New","unassigned","BLR4","0.0","0","0","","out_of_stock","5","4","5","4","24/01/21","24/01/21","South1 (BLR)","BLR5,BLR7","Not Available"
"Sujata SuperMix SM Mixer Grinder, 900W, 3 Jars (White)","JC-9ASN-OTGU","B01MFA2KUW","New","unassigned","BLR4","33585.61","8","4","1","low_stock","5","4","5","4","24/01/21","24/01/21","South1 (BLR)","BLR5,BLR7","Not Available"
"Prestige Electric Kettle PKOSS - 1500watts, Steel (1.5Ltr), Black","PKOSS 1.5","B01MQZ7J8K","New","unassigned","PNQ2","0.0","0","0","","out_of_stock","5","4","5","4","24/01/21","24/01/21","North","SDEA,SDEE,SDED","Not Available"
"Realme Narzo 20 (Victory Blue, 4GB RAM, 64GB Storage)","3S-SEPQ-CZJ4","B08LHKMZD7","New","unassigned","PNQ2","0.0","0","0","","out_of_stock","4","4","4","4","24/01/21","24/01/21","North","SDEA,SDEE,SDED","84.6"
"Morphy Richards New Europa 800-Watt Espresso and Cappuccino 4-Cup Coffee Maker (Black)","5vnu44cqjk","B008P7IF02","New","unassigned","PNQ2","0.0","0","0","","out_of_stock","4","4","4","4","24/01/21","24/01/21","North","SDEA,SDEE,SDED","Not Available"
"Prestige Omega Deluxe Induction Base Non-Stick Kitchen Set, 3-Pieces","90-FKLX-2TKA","B00EICJA0M","New","unassigned","PNQ2","0.0","0","0","0","out_of_stock","4","4","4","4","24/01/21","24/01/21","North","SDEA,SDEE,SDED","Not Available"
"Wonderchef Plastic String Vegetable Chopper, 5 Blade, Red/White","9H-UYHA-JFCN","B07CR4GRR2","New","unassigned","BLR4","1454.24","4","0","","out_of_stock","4","4","4","4","24/01/21","24/01/21","South1 (BLR)","BLR5,BLR7","Not Available"
"Wonderchef Plastic String Vegetable Chopper, 5 Blade, Red/White","9H-UYHA-JFCN","B07CR4GRR2","New","unassigned","BOM7","126293.35","248","1","1","low_stock","4","4","4","4","24/01/21","24/01/21","West","BOM6,SPNA,BOM5,SBOA,BOM1,QWTT,SBOC,BOM4,BOM3,SIDA","Not Available"
"TTK Prestige Omega Select Plus Square Induction Base Non-Stick Aluminium Kadai, 250mm, Black","DB-A040-J6FN","B07GQ4CDGW","New","unassigned","PNQ2","0.0","0","0","","out_of_stock","4","4","4","4","24/01/21","24/01/21","North","SDEA,SDEE,SDED","Not Available"
"Wonderchef Nutri-Blend Compact Food Processor 400W – Red","E7-XSCC-J7Z8","B07XZFZWH6","New","unassigned","PNQ2","0.0","0","0","","out_of_stock","4","4","4","4","24/01/21","24/01/21","North","SDEA,SDEE,SDED","64.3"
"Usha EI 2802 1000-Watt Ultra Lightweight Dry Iron (White)","F4-GTNN-MPT4","B014MBU9JO","New","unassigned","PNQ2","0.0","0","0","","out_of_stock","4","4","4","4","24/01/21","24/01/21","North","SDEA,SDEE,SDED","Not Available"
"Usha EI 2802 1000-Watt Ultra Lightweight Dry Iron (White)","F4-GTNN-MPT4","B014MBU9JO","New","unassigned","BLR4","0.0","0","0","","out_of_stock","4","4","4","4","24/01/21","24/01/21","South1 (BLR)","BLR5,BLR7","Not Available"
"Wonderchef Nutri-Blend Compact Food Processor 400W – Red","FK-K9WT-H8JT","B07XZFZWH6","New","unassigned","PNQ2","0.0","0","0","","out_of_stock","4","4","4","4","24/01/21","24/01/21","North","SDEA,SDEE,SDED","64.3"
"Wonderchef Nutri-Blend Compact Food Processor 400W – Red","FK-K9WT-H8JT","B07XZFZWH6","New","unassigned","BOM7","16976.28","5","0","0","out_of_stock","4","4","4","4","24/01/21","24/01/21","West","BOM6,SPNA,BOM5,SBOA,BOM1,QWTT,SBOC,BOM4,BOM3,SIDA","64.3"
"Maharaja Whiteline MX-220 1000 W Ultramax HD 3 Stainless Steel Jar Mixer Grinder (Black with Chrome Finish)","GV-JU04-H6W3","B0835JYNY4","New","unassigned","BLR4","0.0","0","0","","out_of_stock","4","4","4","4","24/01/21","24/01/21","South1 (BLR)","BLR5,BLR7","91.4"
"Bajaj Glory 500-Watt Mixer Grinder with 3 Jars (White)","HP-SMF1-V1R4","B010FVFK30","New","unassigned","BLR4","56466.14","30","0","","out_of_stock","4","4","4","4","24/01/21","24/01/21","South1 (BLR)","BLR5,BLR7","79.6"
"Bajaj Glory 500-Watt Mixer Grinder with 3 Jars (White)","HP-SMF1-V1R4","B010FVFK30","New","unassigned","BOM7","100167.94","56","4","3","low_stock","4","4","4","4","24/01/21","24/01/21","West","BOM6,SPNA,BOM5,SBOA,BOM1,QWTT,SBOC,BOM4,BOM3,SIDA","79.6"
"Prestige Svachh, 10752, 3 L, Nakshatra Duo Red Handi, with deep lid for Spillage Control","IP-XBXC-2KJ0","B085YG9V27","New","unassigned","PNQ2","0.0","0","0","","out_of_stock","4","4","4","4","24/01/21","24/01/21","North","SDEA,SDEE,SDED","Not Available"
"Maharaja Whiteline MX-220 1000 W Ultramax HD 3 Stainless Steel Jar Mixer Grinder (Black with Chrome Finish)","LC-EQQQ-GJ3V","B0835JYNY4","New","unassigned","BLR4","3388.98","1","0","","out_of_stock","4","4","4","4","24/01/21","24/01/21","South1 (BLR)","BLR5,BLR7","91.4"
"Panasonic SR-WA18-E 4.4-Litre Automatic Rice Cooker (White)","M8-XSJW-VFH4","B01GE4XLOW","New","unassigned","PNQ2","0.0","0","0","","out_of_stock","4","4","4","4","24/01/21","24/01/21","North","SDEA,SDEE,SDED","Not Available"
"(Renewed) Eureka Forbes Quick Clean DX 1200-Watt Vacuum Cleaner (Red)","QA-PBUP-J9AX","B07CSCXJ1F","New","unassigned","PNQ2","0.0","0","0","","out_of_stock","4","4","4","4","24/01/21","24/01/21","North","SDEA,SDEE,SDED","Not Available"
"Panasonic Single Line 2.4 KX-TG3411SX Digital Cordless Phone (Black)","QS-PMP0-XC2E","B008LNBK3E","New","unassigned","BOM7","137215.94","71","0","0","out_of_stock","4","4","4","4","24/01/21","24/01/21","West","BOM6,SPNA,BOM5,SBOA,BOM1,QWTT,SBOC,BOM4,BOM3,SIDA","Not Available"
"Morphy Richards New Europa 800-Watt Espresso and Cappuccino 4-Cup Coffee Maker (Black)","RS-FIVB-DW0Z","B008P7IF02","New","unassigned","PNQ2","0.0","0","0","","out_of_stock","4","4","4","4","24/01/21","24/01/21","North","SDEA,SDEE,SDED","Not Available"
"Sujata Powermatic Plus, Juicer Mixer Grinder with Chutney Jar, 900 Watts, 3 Jars (White)","TK-KH30-1OF6","B07Y9PY6Y1","New","unassigned","BLR4","0.0","0","0","","out_of_stock","4","4","4","4","24/01/21","24/01/21","South1 (BLR)","BLR5,BLR7","Not Available"
"Wonderchef Nutri-Blend Mixer Grinder, 400W, 3 Jars (Black)","WN-8CTJ-TN3B","B071R3LHFM","New","unassigned","PNQ2","0.0","0","0","","out_of_stock","4","4","4","4","24/01/21","24/01/21","North","SDEA,SDEE,SDED","Not Available"
"Wonderchef Nutri-Blend Mixer Grinder, 400W, 3 Jars (Black)","WN-8CTJ-TN3B","B071R3LHFM","New","unassigned","BLR4","2464.41","1","0","","out_of_stock","4","4","4","4","24/01/21","24/01/21","South1 (BLR)","BLR5,BLR7","Not Available"
"Bajaj Shakti Plus Storage 10-Litre Vertical Water Heater (Ivory)","WR-1DSU-IOXQ","B009P2LDVO","New","unassigned","BLR4","0.0","0","0","","out_of_stock","4","4","4","4","24/01/21","24/01/21","South1 (BLR)","BLR5,BLR7","Not Available"
"Wonderchef Nutri-Blend Mixer Grinder, 400W, 3 Jars (Black)","Y4-ZHDZ-L7YH","B071R3LHFM","New","unassigned","PNQ2","0.0","0","0","","out_of_stock","4","4","4","4","24/01/21","24/01/21","North","SDEA,SDEE,SDED","Not Available"
"Wonderchef Nutri-Blend Mixer Grinder, 400W, 3 Jars (Black)","Y4-ZHDZ-L7YH","B071R3LHFM","New","unassigned","BLR4","0.0","0","0","","out_of_stock","4","4","4","4","24/01/21","24/01/21","South1 (BLR)","BLR5,BLR7","Not Available"
"Bajaj Glory 500-Watt Mixer Grinder with 3 Jars (White)","YP-O2HX-0VGK","B010FVFK30","New","unassigned","BLR4","0.0","0","0","","out_of_stock","4","4","4","4","24/01/21","24/01/21","South1 (BLR)","BLR5,BLR7","79.6"
"Panasonic Single Line KX-TS880MX Corded Phone (Black)","panasonic_KX_TS880MXBD","B00H4ZDLVE","New","unassigned","PNQ2","0.0","0","0","","out_of_stock","4","4","4","4","24/01/21","24/01/21","North","SDEA,SDEE,SDED","Not Available"
"Panasonic Single Line KX-TS880MX Corded Phone (Black)","panasonic_KX_TS880MXBD","B00H4ZDLVE","New","unassigned","BLR4","0.0","0","0","","out_of_stock","4","4","4","4","24/01/21","24/01/21","South1 (BLR)","BLR5,BLR7","Not Available"
"(Renewed) NOKIA 105 SS (BLACK)","2S-AN4F-XC8P","B07DS6TPCF","New","unassigned","BLR4","0.0","0","0","","out_of_stock","3","4","3","4","24/01/21","24/01/21","South1 (BLR)","BLR5,BLR7","Not Available"
"Realme Narzo 20 (Victory Blue, 4GB RAM, 64GB Storage)","3S-SEPQ-CZJ4","B08LHKMZD7","New","unassigned","BLR4","0.0","0","0","","out_of_stock","3","4","3","4","24/01/21","24/01/21","South1 (BLR)","BLR5,BLR7","84.6"
"Usha EB GS3 001 Cooktop Ebony 3001 (Black)","58-Y2TQ-5L09","B00934760G","New","unassigned","BLR4","0.0","0","0","","out_of_stock","3","4","3","4","24/01/21","24/01/21","South1 (BLR)","BLR5,BLR7","Not Available"
"Maharaja Whiteline Mark 1 Happiness 450-Watt Juicer Mixer Grinder (White and Red)","5w5li1xlm4","B00GYOJES0","New","unassigned","BOM7","24327.1","13","1","1","low_stock","3","4","3","4","24/01/21","24/01/21","West","BOM6,SPNA,BOM5,SBOA,BOM1,QWTT,SBOC,BOM4,BOM3,SIDA","Not Available"
"(Renewed) Eureka Forbes Steel and Plastic Wet and Dry Bold 20 L 1400 Watts Multi Function Vacuum Cleaner (Blue, Standard)","81-HY05-NOD6","B08R8ZQRS1","New","unassigned","BLR4","0.0","0","0","","out_of_stock","3","4","3","4","24/01/21","24/01/21","South1 (BLR)","BLR5,BLR7","Not Available"
"Prestige Omega Deluxe Induction Base Non-Stick Kitchen Set, 3-Pieces","90-FKLX-2TKA","B00EICJA0M","New","unassigned","BOM7","139474.28","72","4","2","low_stock","3","4","3","4","24/01/21","24/01/21","West","BOM6,SPNA,BOM5,SBOA,BOM1,QWTT,SBOC,BOM4,BOM3,SIDA","Not Available"
"Wonderchef Nutri-Blend Compact Food Processor 400W – Red","E7-XSCC-J7Z8","B07XZFZWH6","New","unassigned","BLR4","6721.18","2","0","","out_of_stock","3","4","3","4","24/01/21","24/01/21","South1 (BLR)","BLR5,BLR7","64.3"
"Wonderchef Nutri-Blend Compact Food Processor 400W – Red","FK-K9WT-H8JT","B07XZFZWH6","New","unassigned","BLR4","0.0","0","0","","out_of_stock","3","4","3","4","24/01/21","24/01/21","South1 (BLR)","BLR5,BLR7","64.3"
"Prestige Deluxe Plus Induction Base Aluminium Pressure Cooker, 10 Litres","FN-OQUR-N5VX","B00AYC5TC8","New","unassigned","BLR4","0.0","0","0","","out_of_stock","3","4","3","4","24/01/21","24/01/21","South1 (BLR)","BLR5,BLR7","Not Available"
"Realme C11 (Rich Grey, 32 GB) (2 GB RAM)","G8-NV5Z-3H1O","B08DG2MN26","New","unassigned","PNQ2","0.0","0","0","","out_of_stock","3","4","3","4","24/01/21","24/01/21","North","SDEA,SDEE,SDED","100.0"
"Usha Cook Joy (3820) 2000-Watt Induction Cooktop with Touch(Black)","GD-TGBU-0X18","B07QZ7Q6TQ","New","unassigned","PNQ2","0.0","0","0","","out_of_stock","3","4","3","4","24/01/21","24/01/21","North","SDEA,SDEE,SDED","Not Available"
"Prestige PRWO 1.8-2 700-Watts Delight Electric Rice Cooker with 2 Aluminium Cooking Pans","HN-UM5H-DO68","B00935MD1C","New","unassigned","BLR4","1605.93","1","0","","out_of_stock","3","4","3","4","24/01/21","24/01/21","South1 (BLR)","BLR5,BLR7","100.0"
"Maharaja Whiteline Powerclick + MX-204 750-Watt Mixer Grinder with 4 Jars (Black)","KR-DP2R-TVB6","B0734W9HK3","New","unassigned","BLR4","5725.42","2","0","","out_of_stock","3","4","3","4","24/01/21","24/01/21","South1 (BLR)","BLR5,BLR7","Not Available"
"SYSKA HT3333K Corded & Cordless Stainless Steel Blade Grooming Trimmer with 60 Minutes Working Time; 10 Length Settings (Black)","LO-FWJH-JKMY","B084TCJ5GD","New","unassigned","PNQ2","0.0","0","0","","out_of_stock","3","4","3","4","24/01/21","24/01/21","North","SDEA,SDEE,SDED","Not Available"
"KENT Pearl 8-Litres Mineral RO + UV/UF + TDS Water Purifier,Blue and White","N4-UE5F-78VK","B0073QJ2F8","New","unassigned","PNQ2","0.0","0","0","","out_of_stock","3","4","3","4","24/01/21","24/01/21","North","SDEA,SDEE,SDED","71.4"
"Prestige Omega Deluxe Omni Tawa 250","NU-DTDH-LNGS","B07GQ4D78F","New","unassigned","BLR4","0.0","0","0","","out_of_stock","3","4","3","4","24/01/21","24/01/21","South1 (BLR)","BLR5,BLR7","Not Available"
"Prestige Electric Kettle PKOSS - 1500watts, Steel (1.5Ltr), Black","PKOSS 1.5","B01MQZ7J8K","New","unassigned","BLR4","0.0","0","0","","out_of_stock","3","4","3","4","24/01/21","24/01/21","South1 (BLR)","BLR5,BLR7","Not Available"
"(Renewed) Eureka Forbes Quick Clean DX 1200-Watt Vacuum Cleaner (Red)","QA-PBUP-J9AX","B07CSCXJ1F","New","unassigned","BLR4","0.0","0","0","","out_of_stock","3","4","3","4","24/01/21","24/01/21","South1 (BLR)","BLR5,BLR7","Not Available"
"Morphy Richards Icon Superb 1000-Watt Food Processor (Glazing Copper and Black)","RF-WSYP-S4UA","B071GQM1S1","New","unassigned","PNQ2","0.0","0","0","","out_of_stock","3","4","3","4","24/01/21","24/01/21","North","SDEA,SDEE,SDED","66.7"
"Morphy Richards Icon Superb 1000-Watt Food Processor (Glazing Copper and Black)","RF-WSYP-S4UA","B071GQM1S1","New","unassigned","BOM7","79470.36","11","0","0","out_of_stock","3","4","3","4","24/01/21","24/01/21","West","BOM6,SPNA,BOM5,SBOA,BOM1,QWTT,SBOC,BOM4,BOM3,SIDA","66.7"
"Panasonic SR-Y18FHS 660-Watt Automatic Electric Cooker 4.4 Litre with Non Stick Cooking Pan and Steamer, Metallic Silver/Burgundy","SR-Y18FHS(E)","B00A328CNM","New","unassigned","BLR4","6971.17","3","7","1","low_stock","3","4","3","4","24/01/21","24/01/21","South1 (BLR)","BLR5,BLR7","77.8"
"Bajaj Shakti Plus Storage 10-Litre Vertical Water Heater (Ivory)","SV-NIEJ-M7PX","B009P2LDVO","New","unassigned","BLR4","4194.07","1","0","","out_of_stock","3","4","3","4","24/01/21","24/01/21","South1 (BLR)","BLR5,BLR7","83.3"
"Prestige PEC 3.0 250-Watt Electric Chopper (White)","04-IHMQ-0QI4","B07842187G","New","unassigned","PNQ2","0.0","0","0","13","low_stock","2","4","2","4","24/01/21","24/01/21","North","SDEA,SDEE,SDED","Not Available"
"(Renewed) NOKIA 105 SS (BLACK)","2S-AN4F-XC8P","B07DS6TPCF","New","unassigned","PNQ2","0.0","0","0","","out_of_stock","2","4","2","4","24/01/21","24/01/21","North","SDEA,SDEE,SDED","Not Available"
"Wahl Professional Moser 1400-0016 Hair Clipper (Red)","3N-A2NC-9JIF","B00BP6O3LU","New","unassigned","PNQ2","0.0","0","0","","out_of_stock","2","4","2","4","24/01/21","24/01/21","North","SDEA,SDEE,SDED","Not Available"
"Realme Narzo 20 (Victory Blue, 4GB RAM, 64GB Storage)","3S-SEPQ-CZJ4","B08LHKMZD7","New","unassigned","BOM7","149383.9","15","0","0","out_of_stock","2","4","2","4","24/01/21","24/01/21","West","BOM6,SPNA,BOM5,SBOA,BOM1,QWTT,SBOC,BOM4,BOM3,SIDA","84.6"
"Wonderchef - 63152405 Turbo Chopper and Citrus Juicer, Black","4H-0SN7-8R6S","B072VJ2KBS","New","unassigned","PNQ2","0.0","0","0","","out_of_stock","2","4","2","4","24/01/21","24/01/21","North","SDEA,SDEE,SDED","100.0"
"Wonderchef - 63152405 Turbo Chopper and Citrus Juicer, Black","4H-0SN7-8R6S","B072VJ2KBS","New","unassigned","BLR4","987.29","1","0","","out_of_stock","2","4","2","4","24/01/21","24/01/21","South1 (BLR)","BLR5,BLR7","100.0"
"Wonderchef - 63152405 Turbo Chopper and Citrus Juicer, Black","4H-0SN7-8R6S","B072VJ2KBS","New","unassigned","BOM7","3930.52","4","0","0","out_of_stock","2","4","2","4","24/01/21","24/01/21","West","BOM6,SPNA,BOM5,SBOA,BOM1,QWTT,SBOC,BOM4,BOM3,SIDA","100.0"
"Bajaj Food Factory FX 11 600-Watt Food Processor (White)","51-VTL9-C956","B009P2L0N0","New","unassigned","PNQ2","0.0","0","0","","out_of_stock","2","4","2","4","24/01/21","24/01/21","North","SDEA,SDEE,SDED","Not Available"
"Panasonic AC MX-AC555 Mixer Grinder, 550W, 5 Jars (Gold)","52-BHC9-GLSF","B07H3SRC4C","New","unassigned","PNQ2","0.0","0","0","","out_of_stock","2","4","2","4","24/01/21","24/01/21","North","SDEA,SDEE,SDED","95.0"
"Morphy Richards New Europa 800-Watt Espresso and Cappuccino 4-Cup Coffee Maker (Black)","5vnu44cqjk","B008P7IF02","New","unassigned","BLR4","3813.56","1","0","","out_of_stock","2","4","2","4","24/01/21","24/01/21","South1 (BLR)","BLR5,BLR7","Not Available"
"Morphy Richards New Europa 800-Watt Espresso and Cappuccino 4-Cup Coffee Maker (Black)","5vnu44cqjk","B008P7IF02","New","unassigned","BOM7","202976.28","52","1","1","low_stock","2","4","2","4","24/01/21","24/01/21","West","BOM6,SPNA,BOM5,SBOA,BOM1,QWTT,SBOC,BOM4,BOM3,SIDA","Not Available"
"Maharaja Whiteline Mark 1 Happiness 450-Watt Juicer Mixer Grinder (White and Red)","5w5li1xlm4","B00GYOJES0","New","unassigned","BLR4","1947.46","1","0","","out_of_stock","2","4","2","4","24/01/21","24/01/21","South1 (BLR)","BLR5,BLR7","Not Available"
"Wonderchef Electric Dosa Maker Double-Sided","60-PLRW-8I5Z","B07V6BYJDT","New","unassigned","PNQ2","0.0","0","0","","out_of_stock","2","4","2","4","24/01/21","24/01/21","North","SDEA,SDEE,SDED","71.4"
"Wonderchef Electric Dosa Maker Double-Sided","60-PLRW-8I5Z","B07V6BYJDT","New","unassigned","BLR4","0.0","0","0","","out_of_stock","2","4","2","4","24/01/21","24/01/21","South1 (BLR)","BLR5,BLR7","71.4"
"Samsung Galaxy S20 FE (Cloud Red, 8GB RAM, 128GB Storage) Without Offer","7J-OWNE-FOFL","B086KCCMDN","New","unassigned","BLR4","31610.17","1","0","","out_of_stock","2","4","2","4","24/01/21","24/01/21","South1 (BLR)","BLR5,BLR7","Not Available"
"Samsung Galaxy S20 FE (Cloud Red, 8GB RAM, 128GB Storage) Without Offer","7J-OWNE-FOFL","B086KCCMDN","New","unassigned","BOM7","126580.51","4","0","0","out_of_stock","2","4","2","4","24/01/21","24/01/21","West","BOM6,SPNA,BOM5,SBOA,BOM1,QWTT,SBOC,BOM4,BOM3,SIDA","Not Available"
"(Renewed) Eureka Forbes Steel and Plastic Wet and Dry Bold 20 L 1400 Watts Multi Function Vacuum Cleaner (Blue, Standard)","81-HY05-NOD6","B08R8ZQRS1","New","unassigned","PNQ2","0.0","0","0","","out_of_stock","2","4","2","4","24/01/21","24/01/21","North","SDEA,SDEE,SDED","Not Available"
"Prestige Deluxe Plus Mini Junior Induction Base Aluminium Pressure Handi, 3.3 Litres, Flame Red","8E-9IUQ-76FX","B00EICFCOK","New","unassigned","PNQ2","0.0","0","0","","out_of_stock","2","4","2","4","24/01/21","24/01/21","North","SDEA,SDEE,SDED","100.0"
"Prestige Deluxe Plus Mini Junior Induction Base Aluminium Pressure Handi, 3.3 Litres, Flame Red","8E-9IUQ-76FX","B00EICFCOK","New","unassigned","BLR4","0.0","0","0","","out_of_stock","2","4","2","4","24/01/21","24/01/21","South1 (BLR)","BLR5,BLR7","100.0"
"Nokia 105 (Black)","A9-6UMX-BRQF","B0745BNFYV","New","unassigned","PNQ2","0.0","0","0","","out_of_stock","2","4","2","4","24/01/21","24/01/21","North","SDEA,SDEE,SDED","Not Available"
"Nokia 105 (Black)","A9-6UMX-BRQF","B0745BNFYV","New","unassigned","BLR4","3081.36","3","3","0","out_of_stock","2","4","2","4","24/01/21","24/01/21","South1 (BLR)","BLR5,BLR7","Not Available"
"Prestige Platina Induction Base Non-Stick Stainless Steel Fry Pan, 240mm, Silver","AD-MWWO-QCAB","B07BGD7DDM","New","unassigned","BLR4","0.0","0","0","","out_of_stock","2","4","2","4","24/01/21","24/01/21","South1 (BLR)","BLR5,BLR7","94.7"
"Prestige Platina Induction Base Non-Stick Stainless Steel Fry Pan, 240mm, Silver","AD-MWWO-QCAB","B07BGD7DDM","New","unassigned","BOM7","1696.42","2","0","0","out_of_stock","2","4","2","4","24/01/21","24/01/21","West","BOM6,SPNA,BOM5,SBOA,BOM1,QWTT,SBOC,BOM4,BOM3,SIDA","94.7"
"Panasonic MX-AC400 550-Watt Super Mixer Grinder with 4 Jars (Black)","C6-RQP0-5MC8","B007PZKLUM","New","unassigned","PNQ2","0.0","0","0","","out_of_stock","2","4","2","4","24/01/21","24/01/21","North","SDEA,SDEE,SDED","88.2"
"Panasonic MX-AC400 550-Watt Super Mixer Grinder with 4 Jars (Black)","C6-RQP0-5MC8","B007PZKLUM","New","unassigned","BOM7","64777.12","19","11","6","","2","4","2","4","24/01/21","24/01/21","West","BOM6,SPNA,BOM5,SBOA,BOM1,QWTT,SBOC,BOM4,BOM3,SIDA","88.2"
"Realme 6 (Comet Blue, 4GB RAM, 64GB Storage)","CQ-3U2Z-UESH","B085W5VN26","New","unassigned","PNQ2","0.0","0","0","","out_of_stock","2","4","2","4","24/01/21","24/01/21","North","SDEA,SDEE,SDED","Not Available"
"Realme 6 (Comet Blue, 4GB RAM, 64GB Storage)","CQ-3U2Z-UESH","B085W5VN26","New","unassigned","BLR4","0.0","0","0","","out_of_stock","2","4","2","4","24/01/21","24/01/21","South1 (BLR)","BLR5,BLR7","Not Available"
"Prestige PCJ 7.0 500-Watt Centrifugal Juicer","D0-NY73-KXPD","B00NW4VEHY","New","unassigned","PNQ2","0.0","0","0","0","out_of_stock","2","4","2","4","24/01/21","24/01/21","North","SDEA,SDEE,SDED","Not Available"
"Prestige PCJ 7.0 500-Watt Centrifugal Juicer","D0-NY73-KXPD","B00NW4VEHY","New","unassigned","BOM7","91957.66","33","4","1","low_stock","2","4","2","4","24/01/21","24/01/21","West","BOM6,SPNA,BOM5,SBOA,BOM1,QWTT,SBOC,BOM4,BOM3,SIDA","Not Available"
"TTK Prestige Omega Select Plus Square Induction Base Non-Stick Aluminium Kadai, 250mm, Black","DB-A040-J6FN","B07GQ4CDGW","New","unassigned","BOM7","13866.52","11","0","0","out_of_stock","2","4","2","4","24/01/21","24/01/21","West","BOM6,SPNA,BOM5,SBOA,BOM1,QWTT,SBOC,BOM4,BOM3,SIDA","Not Available"
"Prestige Edge Gas Table PEBS 02 - Black","FO-WGHK-PE1D","B07JRCV3W1","New","unassigned","BLR4","16271.19","3","0","","out_of_stock","2","4","2","4","24/01/21","24/01/21","South1 (BLR)","BLR5,BLR7","Not Available"
"Realme C11 (Rich Grey, 32 GB) (2 GB RAM)","G8-NV5Z-3H1O","B08DG2MN26","New","unassigned","BLR4","0.0","0","0","","out_of_stock","2","4","2","4","24/01/21","24/01/21","South1 (BLR)","BLR5,BLR7","100.0"
"Realme C11 (Rich Grey, 32 GB) (2 GB RAM)","G8-NV5Z-3H1O","B08DG2MN26","New","unassigned","BOM7","87103.36","13","0","0","out_of_stock","2","4","2","4","24/01/21","24/01/21","West","BOM6,SPNA,BOM5,SBOA,BOM1,QWTT,SBOC,BOM4,BOM3,SIDA","100.0"
"Usha Bandhan Straight Stitch Composite Sewing Machine (Black)","I1-RHYF-844C","B00Z20LKQG","New","unassigned","PNQ2","0.0","0","0","","out_of_stock","2","4","2","4","24/01/21","24/01/21","North","SDEA,SDEE,SDED","Not Available"
"Usha Bandhan Straight Stitch Composite Sewing Machine (Black)","I1-RHYF-844C","B00Z20LKQG","New","unassigned","BLR4","7319.64","2","4","0","out_of_stock","2","4","2","4","24/01/21","24/01/21","South1 (BLR)","BLR5,BLR7","Not Available"
"Sujata SuperMix SM Mixer Grinder, 900W, 3 Jars (White)","IC-XNIP-CENO","B01MFA2KUW","New","unassigned","BOM7","9303.39","2","0","0","out_of_stock","2","4","2","4","24/01/21","24/01/21","West","BOM6,SPNA,BOM5,SBOA,BOM1,QWTT,SBOC,BOM4,BOM3,SIDA","Not Available"
"Prestige Die Cast Plus Square Grill Pan, 280mm, Black","II-ELFS-H3IL","B00TGQJBF4","New","unassigned","PNQ2","0.0","0","0","","out_of_stock","2","4","2","4","24/01/21","24/01/21","North","SDEA,SDEE,SDED","100.0"
"Prestige Svachh, 10752, 3 L, Nakshatra Duo Red Handi, with deep lid for Spillage Control","IP-XBXC-2KJ0","B085YG9V27","New","unassigned","BLR4","0.0","0","0","","out_of_stock","2","4","2","4","24/01/21","24/01/21","South1 (BLR)","BLR5,BLR7","Not Available"
"Bajaj Majesty Duetto Gas 6 LTR Vertical Water Heater (LPG), White","IQ-KJQS-NEVP","B014HDJ7ZE","New","unassigned","PNQ2","0.0","0","0","","out_of_stock","2","4","2","4","24/01/21","24/01/21","North","SDEA,SDEE,SDED","Not Available"
"Bajaj Majesty Duetto Gas 6 LTR Vertical Water Heater (LPG), White","IQ-KJQS-NEVP","B014HDJ7ZE","New","unassigned","BLR4","4227.96","1","0","","out_of_stock","2","4","2","4","24/01/21","24/01/21","South1 (BLR)","BLR5,BLR7","Not Available"
"Bajaj Majesty Duetto Gas 6 LTR Vertical Water Heater (LPG), White","J4-KAKA-0G4X","B014HDJ7ZE","New","unassigned","PNQ2","0.0","0","0","","out_of_stock","2","4","2","4","24/01/21","24/01/21","North","SDEA,SDEE,SDED","Not Available"
"Bajaj Majesty Duetto Gas 6 LTR Vertical Water Heater (LPG), White","J4-KAKA-0G4X","B014HDJ7ZE","New","unassigned","BLR4","0.0","0","0","","out_of_stock","2","4","2","4","24/01/21","24/01/21","South1 (BLR)","BLR5,BLR7","Not Available"
"Bajaj Majesty Duetto Gas 6 LTR Vertical Water Heater (LPG), White","J4-KAKA-0G4X","B014HDJ7ZE","New","unassigned","BOM7","8609.32","2","0","0","out_of_stock","2","4","2","4","24/01/21","24/01/21","West","BOM6,SPNA,BOM5,SBOA,BOM1,QWTT,SBOC,BOM4,BOM3,SIDA","Not Available"
"SYSKA HT3333K Corded & Cordless Stainless Steel Blade Grooming Trimmer with 60 Minutes Working Time; 10 Length Settings (Black)","LO-FWJH-JKMY","B084TCJ5GD","New","unassigned","BLR4","1269.49","1","3","","out_of_stock","2","4","2","4","24/01/21","24/01/21","South1 (BLR)","BLR5,BLR7","Not Available"
"Nokia 105 (Black)","ML-XX96-E1TD","B0745BNFYV","New","unassigned","PNQ2","0.0","0","0","","out_of_stock","2","4","2","4","24/01/21","24/01/21","North","SDEA,SDEE,SDED","Not Available"
"Nokia 105 (Black)","ML-XX96-E1TD","B0745BNFYV","New","unassigned","BLR4","0.0","0","0","","out_of_stock","2","4","2","4","24/01/21","24/01/21","South1 (BLR)","BLR5,BLR7","Not Available"
"KENT Pearl 8-Litres Mineral RO + UV/UF + TDS Water Purifier,Blue and White","N4-UE5F-78VK","B0073QJ2F8","New","unassigned","BOM7","41311.02","3","0","0","out_of_stock","2","4","2","4","24/01/21","24/01/21","West","BOM6,SPNA,BOM5,SBOA,BOM1,QWTT,SBOC,BOM4,BOM3,SIDA","71.4"
"Bajaj Blow Hot 2000 Watts Fan Forced Circulation Room Heater","NE-GPH7-Y6XW","B009P2LKQ2","New","unassigned","PNQ2","0.0","0","0","","out_of_stock","2","4","2","4","24/01/21","24/01/21","North","SDEA,SDEE,SDED","Not Available"
"Eureka Forbes Aquasure from Aquaguard Smart 20-Watt UV Water Purifier, White","NO-70QO-BCCJ","B0095PD2OC","New","unassigned","PNQ2","0.0","0","0","0","out_of_stock","2","4","2","4","24/01/21","24/01/21","North","SDEA,SDEE,SDED","73.3"
"Prestige Omega Deluxe Omni Tawa 250","NU-DTDH-LNGS","B07GQ4D78F","New","unassigned","PNQ2","0.0","0","0","","out_of_stock","2","4","2","4","24/01/21","24/01/21","North","SDEA,SDEE,SDED","Not Available"
"Prestige Omega Deluxe Omni Tawa 250","NU-DTDH-LNGS","B07GQ4D78F","New","unassigned","BOM7","1203.38","2","0","0","out_of_stock","2","4","2","4","24/01/21","24/01/21","West","BOM6,SPNA,BOM5,SBOA,BOM1,QWTT,SBOC,BOM4,BOM3,SIDA","Not Available"
"Wonderchef Nutri-Blend Mixer Grinder, 400W, 3 Jars (Red)","Nutri Red wonderchehef","B071D5FYFQ","New","unassigned","PNQ2","0.0","0","0","","out_of_stock","2","4","2","4","24/01/21","24/01/21","North","SDEA,SDEE,SDED","Not Available"
"Wonderchef Nutri-Blend Mixer Grinder, 400W, 3 Jars (Red)","Nutri Red wonderchehef","B071D5FYFQ","New","unassigned","BLR4","2445.76","1","0","","out_of_stock","2","4","2","4","24/01/21","24/01/21","South1 (BLR)","BLR5,BLR7","Not Available"
"Wonderchef Nutri-Blend Mixer Grinder, 400W, 3 Jars (Red)","Nutri Red wonderchehef","B071D5FYFQ","New","unassigned","BOM7","19539.84","8","0","0","out_of_stock","2","4","2","4","24/01/21","24/01/21","West","BOM6,SPNA,BOM5,SBOA,BOM1,QWTT,SBOC,BOM4,BOM3,SIDA","Not Available"
"Wonderchef Royal Velvet Induction Base Aluminium Cookware Set, 5-Pieces,Olive Green","P7-8H8X-RL46","B07G8FD94L","New","unassigned","PNQ2","0.0","0","0","","out_of_stock","2","4","2","4","24/01/21","24/01/21","North","SDEA,SDEE,SDED","Not Available"
"Wonderchef Royal Velvet Induction Base Aluminium Cookware Set, 5-Pieces,Olive Green","P7-8H8X-RL46","B07G8FD94L","New","unassigned","BLR4","0.0","0","0","","out_of_stock","2","4","2","4","24/01/21","24/01/21","South1 (BLR)","BLR5,BLR7","Not Available"
"Prestige Pop-up Toaster PPTPR- Red","P8-NK2Q-U73D","B07KKG4TCD","New","unassigned","PNQ2","0.0","0","0","","out_of_stock","2","4","2","4","24/01/21","24/01/21","North","SDEA,SDEE,SDED","Not Available"
"Prestige Pop-up Toaster PPTPR- Red","P8-NK2Q-U73D","B07KKG4TCD","New","unassigned","BLR4","6101.7","5","0","","out_of_stock","2","4","2","4","24/01/21","24/01/21","South1 (BLR)","BLR5,BLR7","Not Available"
"Prestige Pop-up Toaster PPTPR- Red","P8-NK2Q-U73D","B07KKG4TCD","New","unassigned","BOM7","11958.47","10","0","0","out_of_stock","2","4","2","4","24/01/21","24/01/21","West","BOM6,SPNA,BOM5,SBOA,BOM1,QWTT,SBOC,BOM4,BOM3,SIDA","Not Available"
"Prestige Electric Kettle PKOSS - 1500watts, Steel (1.5Ltr), Black","PKOSS 1.5","B01MQZ7J8K","New","unassigned","BOM7","6237.28","10","5","2","low_stock","2","4","2","4","24/01/21","24/01/21","West","BOM6,SPNA,BOM5,SBOA,BOM1,QWTT,SBOC,BOM4,BOM3,SIDA","Not Available"
"(Renewed) Eureka Forbes Quick Clean DX 1200-Watt Vacuum Cleaner (Red)","QA-PBUP-J9AX","B07CSCXJ1F","New","unassigned","BOM7","25160.19","11","7","2","low_stock","2","4","2","4","24/01/21","24/01/21","West","BOM6,SPNA,BOM5,SBOA,BOM1,QWTT,SBOC,BOM4,BOM3,SIDA","Not Available"
"Morphy Richards Icon Superb 1000-Watt Food Processor (Glazing Copper and Black)","RF-WSYP-S4UA","B071GQM1S1","New","unassigned","BLR4","7267.8","1","0","","out_of_stock","2","4","2","4","24/01/21","24/01/21","South1 (BLR)","BLR5,BLR7","66.7"
"Morphy Richards New Europa 800-Watt Espresso and Cappuccino 4-Cup Coffee Maker (Black)","RS-FIVB-DW0Z","B008P7IF02","New","unassigned","BLR4","0.0","1","0","","out_of_stock","2","4","2","4","24/01/21","24/01/21","South1 (BLR)","BLR5,BLR7","Not Available"
"Eureka Forbes Aquasure from Aquaguard Amrit 20-Litre Water Purifier, Blue","SJ-GWP8-BXCW","B008QE1OIO","New","unassigned","PNQ2","0.0","0","0","0","out_of_stock","2","4","2","4","24/01/21","24/01/21","North","SDEA,SDEE,SDED","71.4"
"Eureka Forbes Aquasure from Aquaguard Amrit 20-Litre Water Purifier, Blue","SJ-GWP8-BXCW","B008QE1OIO","New","unassigned","BLR4","1956.78","1","0","","out_of_stock","2","4","2","4","24/01/21","24/01/21","South1 (BLR)","BLR5,BLR7","71.4"
"Eureka Forbes Aquasure from Aquaguard Amrit 20-Litre Water Purifier, Blue","SJ-GWP8-BXCW","B008QE1OIO","New","unassigned","BOM7","24173.77","15","9","2","","2","4","2","4","24/01/21","24/01/21","West","BOM6,SPNA,BOM5,SBOA,BOM1,QWTT,SBOC,BOM4,BOM3,SIDA","71.4"
"Panasonic SR-Y18FHS 660-Watt Automatic Electric Cooker 4.4 Litre with Non Stick Cooking Pan and Steamer, Metallic Silver/Burgundy","SR-Y18FHS(E)","B00A328CNM","New","unassigned","PNQ2","0.0","0","0","","out_of_stock","2","4","2","4","24/01/21","24/01/21","North","SDEA,SDEE,SDED","77.8"
"AO Smith HAS-X1-015 Storage 15 Litre Horizontal Water Heater (Geyser) White - 4 Star","TD-D7JE-I6P1","B0152X4708","New","unassigned","BLR4","0.0","0","0","","out_of_stock","2","4","2","4","24/01/21","24/01/21","South1 (BLR)","BLR5,BLR7","Not Available"
"Sujata Dynamix DX Mixer Grinder, 900W, 3 Jars (White)","TN-Y34P-OK99","B00K57MR22","New","unassigned","PNQ2","0.0","0","0","","out_of_stock","2","4","2","4","24/01/21","24/01/21","North","SDEA,SDEE,SDED","Not Available"
"Sujata Dynamix DX Mixer Grinder, 900W, 3 Jars (White)","TN-Y34P-OK99","B00K57MR22","New","unassigned","BLR4","4938.98","1","8","1","","2","4","2","4","24/01/21","24/01/21","South1 (BLR)","BLR5,BLR7","Not Available"
"Realme 6i (Lunar White, 64 GB) (6 GB RAM)","V1-M37P-62FJ","B08G8V8VCJ","New","unassigned","PNQ2","0.0","0","0","","out_of_stock","2","4","2","4","24/01/21","24/01/21","North","SDEA,SDEE,SDED","Not Available"
"Realme 6i (Lunar White, 64 GB) (6 GB RAM)","V1-M37P-62FJ","B08G8V8VCJ","New","unassigned","BLR4","0.0","0","0","","out_of_stock","2","4","2","4","24/01/21","24/01/21","South1 (BLR)","BLR5,BLR7","Not Available"
"Panasonic SR-WA10 450-Watt Automatic Cooker Without Warmer (White)(Raw Capacity-0.6 kgs)","VB-NNGL-XOL3","B00A7PK0Z8","New","unassigned","PNQ2","0.0","0","0","","out_of_stock","2","4","2","4","24/01/21","24/01/21","North","SDEA,SDEE,SDED","Not Available"
"Maharaja Whiteline Jmg Odacio Plus 450-Watt Juicer Mixer Grinder with 3 Jars (Black/Silver)","X7-GWBX-T2Y7","B07NDY84LK","New","unassigned","PNQ2","0.0","0","0","","out_of_stock","2","4","2","4","24/01/21","24/01/21","North","SDEA,SDEE,SDED","Not Available"
"Wonderchef Nutri-Blend Mixer Grinder, 400W, 3 Jars (Red)","YA-GM4H-SA9L","B071D5FYFQ","New","unassigned","PNQ2","0.0","0","0","","out_of_stock","2","4","2","4","24/01/21","24/01/21","North","SDEA,SDEE,SDED","Not Available"
"Wonderchef Nutri-Blend Mixer Grinder, 400W, 3 Jars (Red)","YA-GM4H-SA9L","B071D5FYFQ","New","unassigned","BLR4","9290.68","4","0","","out_of_stock","2","4","2","4","24/01/21","24/01/21","South1 (BLR)","BLR5,BLR7","Not Available"
"(Renewed) Prestige Electric Kettle PKOSS - 1500watts, Steel (1.5Ltr)","amzn1.fba.v1.anpLCv0Ss2swoKIAdO29q-4MY3c","B07M5N7SYM","New","unassigned","PNQ2","0.0","0","0","","out_of_stock","2","4","2","4","24/01/21","24/01/21","North","SDEA,SDEE,SDED","Not Available"
"Prestige PEC 3.0 250-Watt Electric Chopper (White)","04-IHMQ-0QI4","B07842187G","New","unassigned","BLR4","5322.02","5","0","","out_of_stock","1","4","1","4","24/01/21","24/01/21","South1 (BLR)","BLR5,BLR7","Not Available"
"(Renewed) Eureka Forbes Wet and Dry Ultimo 20-Litre 1400 Watt Muilt Function Vacuum Cleaner (Red and Steel)","0M-HM3W-I6CZ","B08RC1QGGF","New","unassigned","PNQ2","0.0","0","0","","out_of_stock","1","4","1","4","24/01/21","24/01/21","North","SDEA,SDEE,SDED","Not Available"
"(Renewed) Eureka Forbes Wet and Dry Ultimo 20-Litre 1400 Watt Muilt Function Vacuum Cleaner (Red and Steel)","0M-HM3W-I6CZ","B08RC1QGGF","New","unassigned","BLR4","0.0","0","0","","out_of_stock","1","4","1","4","24/01/21","24/01/21","South1 (BLR)","BLR5,BLR7","Not Available"
"(Renewed) NOKIA 105 SS (BLACK)","2S-AN4F-XC8P","B07DS6TPCF","New","unassigned","BOM7","4233.05","5","0","0","out_of_stock","1","4","1","4","24/01/21","24/01/21","West","BOM6,SPNA,BOM5,SBOA,BOM1,QWTT,SBOC,BOM4,BOM3,SIDA","Not Available"
"Bajaj Food Factory FX 11 600-Watt Food Processor (White)","51-VTL9-C956","B009P2L0N0","New","unassigned","BLR4","5758.47","1","0","","out_of_stock","1","4","1","4","24/01/21","24/01/21","South1 (BLR)","BLR5,BLR7","Not Available"
"Wonderchef Electric Dosa Maker Double-Sided","60-PLRW-8I5Z","B07V6BYJDT","New","unassigned","BOM7","6762.72","4","0","0","out_of_stock","1","4","1","4","24/01/21","24/01/21","West","BOM6,SPNA,BOM5,SBOA,BOM1,QWTT,SBOC,BOM4,BOM3,SIDA","71.4"
"Samsung Galaxy S20 FE (Cloud Red, 8GB RAM, 128GB Storage) Without Offer","7J-OWNE-FOFL","B086KCCMDN","New","unassigned","PNQ2","0.0","0","0","","out_of_stock","1","4","1","4","24/01/21","24/01/21","North","SDEA,SDEE,SDED","Not Available"
"(Renewed) Eureka Forbes Steel and Plastic Wet and Dry Bold 20 L 1400 Watts Multi Function Vacuum Cleaner (Blue, Standard)","81-HY05-NOD6","B08R8ZQRS1","New","unassigned","BOM7","27111.84","8","0","0","out_of_stock","1","4","1","4","24/01/21","24/01/21","West","BOM6,SPNA,BOM5,SBOA,BOM1,QWTT,SBOC,BOM4,BOM3,SIDA","Not Available"
"Prestige Deluxe Plus Mini Junior Induction Base Aluminium Pressure Handi, 3.3 Litres, Flame Red","8E-9IUQ-76FX","B00EICFCOK","New","unassigned","BOM7","3044.65","2","0","0","out_of_stock","1","4","1","4","24/01/21","24/01/21","West","BOM6,SPNA,BOM5,SBOA,BOM1,QWTT,SBOC,BOM4,BOM3,SIDA","100.0"
"Nokia 105 (Black)","A9-6UMX-BRQF","B0745BNFYV","New","unassigned","BOM7","149702.28","148","7","2","low_stock","1","4","1","4","24/01/21","24/01/21","West","BOM6,SPNA,BOM5,SBOA,BOM1,QWTT,SBOC,BOM4,BOM3,SIDA","Not Available"
"Prestige Platina Induction Base Non-Stick Stainless Steel Fry Pan, 240mm, Silver","AD-MWWO-QCAB","B07BGD7DDM","New","unassigned","PNQ2","0.0","0","0","","out_of_stock","1","4","1","4","24/01/21","24/01/21","North","SDEA,SDEE,SDED","94.7"
"Realme 6 (Comet Blue, 4GB RAM, 64GB Storage)","CQ-3U2Z-UESH","B085W5VN26","New","unassigned","BOM7","71313.54","6","0","0","out_of_stock","1","4","1","4","24/01/21","24/01/21","West","BOM6,SPNA,BOM5,SBOA,BOM1,QWTT,SBOC,BOM4,BOM3,SIDA","Not Available"
"Prestige PCJ 7.0 500-Watt Centrifugal Juicer","D0-NY73-KXPD","B00NW4VEHY","New","unassigned","BLR4","5660.17","2","0","","out_of_stock","1","4","1","4","24/01/21","24/01/21","South1 (BLR)","BLR5,BLR7","Not Available"
"Prestige Deluxe Plus Induction Base Aluminium Pressure Cooker, 10 Litres","FN-OQUR-N5VX","B00AYC5TC8","New","unassigned","PNQ2","0.0","0","0","","out_of_stock","1","4","1","4","24/01/21","24/01/21","North","SDEA,SDEE,SDED","Not Available"
"Prestige Deluxe Plus Induction Base Aluminium Pressure Cooker, 10 Litres","FN-OQUR-N5VX","B00AYC5TC8","New","unassigned","BOM7","11071.44","4","0","0","out_of_stock","1","4","1","4","24/01/21","24/01/21","West","BOM6,SPNA,BOM5,SBOA,BOM1,QWTT,SBOC,BOM4,BOM3,SIDA","Not Available"
"Prestige Edge Gas Table PEBS 02 - Black","FO-WGHK-PE1D","B07JRCV3W1","New","unassigned","BOM7","0.0","0","0","","out_of_stock","1","4","1","4","24/01/21","24/01/21","West","BOM6,SPNA,BOM5,SBOA,BOM1,QWTT,SBOC,BOM4,BOM3,SIDA","Not Available"
"Usha Cook Joy (3820) 2000-Watt Induction Cooktop with Touch(Black)","GD-TGBU-0X18","B07QZ7Q6TQ","New","unassigned","BLR4","2448.31","1","4","0","out_of_stock","1","4","1","4","24/01/21","24/01/21","South1 (BLR)","BLR5,BLR7","Not Available"
"Usha Cook Joy (3820) 2000-Watt Induction Cooktop with Touch(Black)","GD-TGBU-0X18","B07QZ7Q6TQ","New","unassigned","BOM7","88394.92","37","0","0","out_of_stock","1","4","1","4","24/01/21","24/01/21","West","BOM6,SPNA,BOM5,SBOA,BOM1,QWTT,SBOC,BOM4,BOM3,SIDA","Not Available"
"Prestige PRWO 1.8-2 700-Watts Delight Electric Rice Cooker with 2 Aluminium Cooking Pans","HN-UM5H-DO68","B00935MD1C","New","unassigned","PNQ2","0.0","0","0","0","out_of_stock","1","4","1","4","24/01/21","24/01/21","North","SDEA,SDEE,SDED","100.0"
"Prestige PRWO 1.8-2 700-Watts Delight Electric Rice Cooker with 2 Aluminium Cooking Pans","HN-UM5H-DO68","B00935MD1C","New","unassigned","BOM7","3296.62","2","0","0","out_of_stock","1","4","1","4","24/01/21","24/01/21","West","BOM6,SPNA,BOM5,SBOA,BOM1,QWTT,SBOC,BOM4,BOM3,SIDA","100.0"
"Prestige PEC 3.0 250-Watt Electric Chopper (White)","HW-YLBG-8ISD","B07842187G","New","unassigned","PNQ2","0.0","0","0","","out_of_stock","1","4","1","4","24/01/21","24/01/21","North","SDEA,SDEE,SDED","Not Available"
"Prestige PEC 3.0 250-Watt Electric Chopper (White)","HW-YLBG-8ISD","B07842187G","New","unassigned","BLR4","28813.5","25","0","","out_of_stock","1","4","1","4","24/01/21","24/01/21","South1 (BLR)","BLR5,BLR7","Not Available"
"Prestige PEC 3.0 250-Watt Electric Chopper (White)","HW-YLBG-8ISD","B07842187G","New","unassigned","BOM7","0.0","0","0","","out_of_stock","1","4","1","4","24/01/21","24/01/21","West","BOM6,SPNA,BOM5,SBOA,BOM1,QWTT,SBOC,BOM4,BOM3,SIDA","Not Available"
"Usha Bandhan Straight Stitch Composite Sewing Machine (Black)","I1-RHYF-844C","B00Z20LKQG","New","unassigned","BOM7","80423.18","24","0","0","out_of_stock","1","4","1","4","24/01/21","24/01/21","West","BOM6,SPNA,BOM5,SBOA,BOM1,QWTT,SBOC,BOM4,BOM3,SIDA","Not Available"
"Prestige Die Cast Plus Square Grill Pan, 280mm, Black","II-ELFS-H3IL","B00TGQJBF4","New","unassigned","BOM7","5008.92","3","0","0","out_of_stock","1","4","1","4","24/01/21","24/01/21","West","BOM6,SPNA,BOM5,SBOA,BOM1,QWTT,SBOC,BOM4,BOM3,SIDA","100.0"
"Prestige Svachh, 10752, 3 L, Nakshatra Duo Red Handi, with deep lid for Spillage Control","IP-XBXC-2KJ0","B085YG9V27","New","unassigned","BOM7","4828.53","4","10","2","","1","4","1","4","24/01/21","24/01/21","West","BOM6,SPNA,BOM5,SBOA,BOM1,QWTT,SBOC,BOM4,BOM3,SIDA","Not Available"
"Nokia 105 (Black)","ML-XX96-E1TD","B0745BNFYV","New","unassigned","BOM7","1983.08","2","0","0","out_of_stock","1","4","1","4","24/01/21","24/01/21","West","BOM6,SPNA,BOM5,SBOA,BOM1,QWTT,SBOC,BOM4,BOM3,SIDA","Not Available"
"Bajaj Blow Hot 2000 Watts Fan Forced Circulation Room Heater","NE-GPH7-Y6XW","B009P2LKQ2","New","unassigned","BLR4","0.0","0","0","","out_of_stock","1","4","1","4","24/01/21","24/01/21","South1 (BLR)","BLR5,BLR7","Not Available"
"Bajaj Blow Hot 2000 Watts Fan Forced Circulation Room Heater","NE-GPH7-Y6XW","B009P2LKQ2","New","unassigned","BOM7","95280.6","60","0","0","out_of_stock","1","4","1","4","24/01/21","24/01/21","West","BOM6,SPNA,BOM5,SBOA,BOM1,QWTT,SBOC,BOM4,BOM3,SIDA","Not Available"
"Wonderchef Royal Velvet Induction Base Aluminium Cookware Set, 5-Pieces,Olive Green","P7-8H8X-RL46","B07G8FD94L","New","unassigned","BOM7","9642.87","3","7","2","low_stock","1","4","1","4","24/01/21","24/01/21","West","BOM6,SPNA,BOM5,SBOA,BOM1,QWTT,SBOC,BOM4,BOM3,SIDA","Not Available"
"AO Smith HAS-X1-015 Storage 15 Litre Horizontal Water Heater (Geyser) White - 4 Star","TD-D7JE-I6P1","B0152X4708","New","unassigned","PNQ2","0.0","0","0","","out_of_stock","1","4","1","4","24/01/21","24/01/21","North","SDEA,SDEE,SDED","Not Available"
"Wonderchef - 63151691 Granite Die-Cast Aluminium Induction Base Casserole Set, 6-Pieces, Grey","UB-LKKO-TGRE","B0193540M6","New","unassigned","PNQ2","0.0","0","0","","out_of_stock","1","4","1","4","24/01/21","24/01/21","North","SDEA,SDEE,SDED","Not Available"
"Wonderchef - 63151691 Granite Die-Cast Aluminium Induction Base Casserole Set, 6-Pieces, Grey","UB-LKKO-TGRE","B0193540M6","New","unassigned","BLR4","3296.42","1","0","","out_of_stock","1","4","1","4","24/01/21","24/01/21","South1 (BLR)","BLR5,BLR7","Not Available"
"Realme 6i (Lunar White, 64 GB) (6 GB RAM)","V1-M37P-62FJ","B08G8V8VCJ","New","unassigned","BOM7","22949.16","2","0","0","out_of_stock","1","4","1","4","24/01/21","24/01/21","West","BOM6,SPNA,BOM5,SBOA,BOM1,QWTT,SBOC,BOM4,BOM3,SIDA","Not Available"
"Bajaj Majesty RX11 2000 Watts Heat Convector Room Heater (White, ISI Approved)","W1-IBST-F7E4","B009P2LITG","New","unassigned","PNQ2","0.0","0","0","","out_of_stock","1","4","1","4","24/01/21","24/01/21","North","SDEA,SDEE,SDED","100.0"
"Bajaj Majesty RX11 2000 Watts Heat Convector Room Heater (White, ISI Approved)","W1-IBST-F7E4","B009P2LITG","New","unassigned","BLR4","4121.18","2","0","","out_of_stock","1","4","1","4","24/01/21","24/01/21","South1 (BLR)","BLR5,BLR7","100.0"
"Maharaja Whiteline Jmg Odacio Plus 450-Watt Juicer Mixer Grinder with 3 Jars (Black/Silver)","X7-GWBX-T2Y7","B07NDY84LK","New","unassigned","BLR4","0.0","0","0","","out_of_stock","1","4","1","4","24/01/21","24/01/21","South1 (BLR)","BLR5,BLR7","Not Available"
"Maharaja Whiteline Jmg Odacio Plus 450-Watt Juicer Mixer Grinder with 3 Jars (Black/Silver)","X7-GWBX-T2Y7","B07NDY84LK","New","unassigned","BOM7","2372.03","1","0","0","out_of_stock","1","4","1","4","24/01/21","24/01/21","West","BOM6,SPNA,BOM5,SBOA,BOM1,QWTT,SBOC,BOM4,BOM3,SIDA","Not Available"
"(Renewed) Prestige Electric Kettle PKOSS - 1500watts, Steel (1.5Ltr)","amzn1.fba.v1.anpLCv0Ss2swoKIAdO29q-4MY3c","B07M5N7SYM","New","unassigned","BLR4","0.0","0","0","0","out_of_stock","1","4","1","4","24/01/21","24/01/21","South1 (BLR)","BLR5,BLR7","Not Available"
"Panasonic KX-TSC60SXB Corded Phone (Black)","panasonic_KX_TSC60SXB","B00DM58OGM","New","unassigned","BOM7","26659.29","29","4","1","low_stock","1","4","1","4","24/01/21","24/01/21","West","BOM6,SPNA,BOM5,SBOA,BOM1,QWTT,SBOC,BOM4,BOM3,SIDA","Not Available"
"Bajaj GX 3701 750 Watts Mixer Grinder with 3 Jars (Black)","8N-NXOH-54QB","B082FYNYVG","New","unassigned","BOM7","127447.46","45","22","24","","18","4","18","4","01/02/21","15/02/21","West","BOM6,SPNA,BOM5,SBOA,BOM1,QWTT,SBOC,BOM4,BOM3,SIDA","Not Available"
"Prestige PKPW 1.0 900-Watt Electric Kettle","ET-HU35-65DT","B00935MEPM","New","unassigned","BOM7","19317.73","26","24","2","","3","4","3","4","06/02/21","20/02/21","West","BOM6,SPNA,BOM5,SBOA,BOM1,QWTT,SBOC,BOM4,BOM3,SIDA","Not Available"
